"No.","Time","Source","source port","Destination","dest_port","Protocol","Length","HID Data","Info"
"13","14.613732","1.2.2","0x00000002","host","0xffffffff","USB","35","0200000000000000","URB_INTERRUPT in"
"15","14.834054","1.2.2","0x00000002","host","0xffffffff","USB","35","02000c0000000000","URB_INTERRUPT in"
"17","14.918747","1.2.2","0x00000002","host","0xffffffff","USB","35","0200000000000000","URB_INTERRUPT in"
"19","14.935706","1.2.2","0x00000002","host","0xffffffff","USB","35","0000000000000000","URB_INTERRUPT in"
"21","15.029683","1.2.2","0x00000002","host","0xffffffff","USB","35","00002c0000000000","URB_INTERRUPT in"
"23","15.125786","1.2.2","0x00000002","host","0xffffffff","USB","35","0000000000000000","URB_INTERRUPT in"
"25","15.328052","1.2.2","0x00000002","host","0xffffffff","USB","35","0000040000000000","URB_INTERRUPT in"
"27","15.445731","1.2.2","0x00000002","host","0xffffffff","USB","35","0000041000000000","URB_INTERRUPT in"
"29","15.462702","1.2.2","0x00000002","host","0xffffffff","USB","35","0000100000000000","URB_INTERRUPT in"
"31","15.530703","1.2.2","0x00000002","host","0xffffffff","USB","35","0000000000000000","URB_INTERRUPT in"
"33","15.585734","1.2.2","0x00000002","host","0xffffffff","USB","35","00002c0000000000","URB_INTERRUPT in"
"35","15.675732","1.2.2","0x00000002","host","0xffffffff","USB","35","0000160000000000","URB_INTERRUPT in"
"37","15.790702","1.2.2","0x00000002","host","0xffffffff","USB","35","0000160800000000","URB_INTERRUPT in"
"39","15.894043","1.2.2","0x00000002","host","0xffffffff","USB","35","0000080000000000","URB_INTERRUPT in"
"41","15.918044","1.2.2","0x00000002","host","0xffffffff","USB","35","0000000000000000","URB_INTERRUPT in"
"43","15.971042","1.2.2","0x00000002","host","0xffffffff","USB","35","0000110000000000","URB_INTERRUPT in"
"45","16.071981","1.2.2","0x00000002","host","0xffffffff","USB","35","0000000000000000","URB_INTERRUPT in"
"47","16.107033","1.2.2","0x00000002","host","0xffffffff","USB","35","0000070000000000","URB_INTERRUPT in"
"49","16.197729","1.2.2","0x00000002","host","0xffffffff","USB","35","0000000000000000","URB_INTERRUPT in"
"51","16.245728","1.2.2","0x00000002","host","0xffffffff","USB","35","00000c0000000000","URB_INTERRUPT in"
"53","16.365727","1.2.2","0x00000002","host","0xffffffff","USB","35","0000000000000000","URB_INTERRUPT in"
"55","16.530031","1.2.2","0x00000002","host","0xffffffff","USB","35","0000110000000000","URB_INTERRUPT in"
"57","16.629731","1.2.2","0x00000002","host","0xffffffff","USB","35","0000000000000000","URB_INTERRUPT in"
"59","16.751727","1.2.2","0x00000002","host","0xffffffff","USB","35","0000090a00000000","URB_INTERRUPT in"
"61","16.795734","1.2.2","0x00000002","host","0xffffffff","USB","35","0000000000000000","URB_INTERRUPT in"
"63","17.265960","1.2.2","0x00000002","host","0xffffffff","USB","35","00002a0000000000","URB_INTERRUPT in"
"65","17.374682","1.2.2","0x00000002","host","0xffffffff","USB","35","0000000000000000","URB_INTERRUPT in"
"67","18.037696","1.2.2","0x00000002","host","0xffffffff","USB","35","00002a0000000000","URB_INTERRUPT in"
"69","18.153698","1.2.2","0x00000002","host","0xffffffff","USB","35","0000000000000000","URB_INTERRUPT in"
"71","18.190722","1.2.2","0x00000002","host","0xffffffff","USB","35","00000a0000000000","URB_INTERRUPT in"
"73","18.261702","1.2.2","0x00000002","host","0xffffffff","USB","35","0000000000000000","URB_INTERRUPT in"
"75","18.426029","1.2.2","0x00000002","host","0xffffffff","USB","35","00002c0000000000","URB_INTERRUPT in"
"77","18.578722","1.2.2","0x00000002","host","0xffffffff","USB","35","0000000000000000","URB_INTERRUPT in"
"79","18.698085","1.2.2","0x00000002","host","0xffffffff","USB","35","0000160000000000","URB_INTERRUPT in"
"81","18.809721","1.2.2","0x00000002","host","0xffffffff","USB","35","0000160800000000","URB_INTERRUPT in"
"83","18.909673","1.2.2","0x00000002","host","0xffffffff","USB","35","0000080000000000","URB_INTERRUPT in"
"85","18.926673","1.2.2","0x00000002","host","0xffffffff","USB","35","0000000000000000","URB_INTERRUPT in"
"87","19.093699","1.2.2","0x00000002","host","0xffffffff","USB","35","0000060000000000","URB_INTERRUPT in"
"89","19.202722","1.2.2","0x00000002","host","0xffffffff","USB","35","0000000000000000","URB_INTERRUPT in"
"91","19.350773","1.2.2","0x00000002","host","0xffffffff","USB","35","0000150000000000","URB_INTERRUPT in"
"93","19.477671","1.2.2","0x00000002","host","0xffffffff","USB","35","0000150800000000","URB_INTERRUPT in"
"95","19.526674","1.2.2","0x00000002","host","0xffffffff","USB","35","0000080000000000","URB_INTERRUPT in"
"97","19.614938","1.2.2","0x00000002","host","0xffffffff","USB","35","0000000000000000","URB_INTERRUPT in"
"99","19.669781","1.2.2","0x00000002","host","0xffffffff","USB","35","0000170000000000","URB_INTERRUPT in"
"101","19.774716","1.2.2","0x00000002","host","0xffffffff","USB","35","0000000000000000","URB_INTERRUPT in"
"103","19.839721","1.2.2","0x00000002","host","0xffffffff","USB","35","0000040000000000","URB_INTERRUPT in"
"105","19.983719","1.2.2","0x00000002","host","0xffffffff","USB","35","0000000000000000","URB_INTERRUPT in"
"107","19.994717","1.2.2","0x00000002","host","0xffffffff","USB","35","0000150000000000","URB_INTERRUPT in"
"109","20.101716","1.2.2","0x00000002","host","0xffffffff","USB","35","0000000000000000","URB_INTERRUPT in"
"111","20.287026","1.2.2","0x00000002","host","0xffffffff","USB","35","00001c0000000000","URB_INTERRUPT in"
"113","20.360004","1.2.2","0x00000002","host","0xffffffff","USB","35","0000000000000000","URB_INTERRUPT in"
"115","20.573721","1.2.2","0x00000002","host","0xffffffff","USB","35","0000340000000000","URB_INTERRUPT in"
"117","20.691717","1.2.2","0x00000002","host","0xffffffff","USB","35","0000000000000000","URB_INTERRUPT in"
"119","20.735006","1.2.2","0x00000002","host","0xffffffff","USB","35","0000160000000000","URB_INTERRUPT in"
"121","20.814039","1.2.2","0x00000002","host","0xffffffff","USB","35","0000000000000000","URB_INTERRUPT in"
"123","21.217717","1.2.2","0x00000002","host","0xffffffff","USB","35","00002c0000000000","URB_INTERRUPT in"
"125","21.345031","1.2.2","0x00000002","host","0xffffffff","USB","35","0000000000000000","URB_INTERRUPT in"
"127","22.613031","1.2.2","0x00000002","host","0xffffffff","USB","35","00000f0000000000","URB_INTERRUPT in"
"129","22.721023","1.2.2","0x00000002","host","0xffffffff","USB","35","0000000000000000","URB_INTERRUPT in"
"131","22.837713","1.2.2","0x00000002","host","0xffffffff","USB","35","0000120000000000","URB_INTERRUPT in"
"133","22.920713","1.2.2","0x00000002","host","0xffffffff","USB","35","0000000000000000","URB_INTERRUPT in"
"135","22.938716","1.2.2","0x00000002","host","0xffffffff","USB","35","0000060000000000","URB_INTERRUPT in"
"137","23.020700","1.2.2","0x00000002","host","0xffffffff","USB","35","0000060400000000","URB_INTERRUPT in"
"139","23.044712","1.2.2","0x00000002","host","0xffffffff","USB","35","0000040000000000","URB_INTERRUPT in"
"141","23.145015","1.2.2","0x00000002","host","0xffffffff","USB","35","0000000000000000","URB_INTERRUPT in"
"143","23.245677","1.2.2","0x00000002","host","0xffffffff","USB","35","0000170000000000","URB_INTERRUPT in"
"145","23.328668","1.2.2","0x00000002","host","0xffffffff","USB","35","0000000000000000","URB_INTERRUPT in"
"147","23.392733","1.2.2","0x00000002","host","0xffffffff","USB","35","00000c0000000000","URB_INTERRUPT in"
"149","23.482684","1.2.2","0x00000002","host","0xffffffff","USB","35","0000000000000000","URB_INTERRUPT in"
"151","23.594044","1.2.2","0x00000002","host","0xffffffff","USB","35","0000120000000000","URB_INTERRUPT in"
"153","23.673669","1.2.2","0x00000002","host","0xffffffff","USB","35","0000000000000000","URB_INTERRUPT in"
"155","23.840665","1.2.2","0x00000002","host","0xffffffff","USB","35","0000110000000000","URB_INTERRUPT in"
"157","23.942755","1.2.2","0x00000002","host","0xffffffff","USB","35","0000000000000000","URB_INTERRUPT in"
"159","24.100684","1.2.2","0x00000002","host","0xffffffff","USB","35","00002c0000000000","URB_INTERRUPT in"
"161","24.230681","1.2.2","0x00000002","host","0xffffffff","USB","35","0000000000000000","URB_INTERRUPT in"
"163","24.812661","1.2.2","0x00000002","host","0xffffffff","USB","35","0000120000000000","URB_INTERRUPT in"
"165","24.905659","1.2.2","0x00000002","host","0xffffffff","USB","35","0000000000000000","URB_INTERRUPT in"
"167","24.961022","1.2.2","0x00000002","host","0xffffffff","USB","35","0000190000000000","URB_INTERRUPT in"
"169","25.068667","1.2.2","0x00000002","host","0xffffffff","USB","35","0000000000000000","URB_INTERRUPT in"
"171","25.180680","1.2.2","0x00000002","host","0xffffffff","USB","35","0000080000000000","URB_INTERRUPT in"
"173","25.300709","1.2.2","0x00000002","host","0xffffffff","USB","35","0000081500000000","URB_INTERRUPT in"
"175","25.370708","1.2.2","0x00000002","host","0xffffffff","USB","35","0000150000000000","URB_INTERRUPT in"
"177","25.444706","1.2.2","0x00000002","host","0xffffffff","USB","35","0000000000000000","URB_INTERRUPT in"
"179","25.685021","1.2.2","0x00000002","host","0xffffffff","USB","35","00002c0000000000","URB_INTERRUPT in"
"181","25.798012","1.2.2","0x00000002","host","0xffffffff","USB","35","0000000000000000","URB_INTERRUPT in"
"183","25.836704","1.2.2","0x00000002","host","0xffffffff","USB","35","0000170000000000","URB_INTERRUPT in"
"185","25.929655","1.2.2","0x00000002","host","0xffffffff","USB","35","0000000000000000","URB_INTERRUPT in"
"187","25.996730","1.2.2","0x00000002","host","0xffffffff","USB","35","00000b0000000000","URB_INTERRUPT in"
"189","26.084656","1.2.2","0x00000002","host","0xffffffff","USB","35","0000000000000000","URB_INTERRUPT in"
"191","26.217990","1.2.2","0x00000002","host","0xffffffff","USB","35","00000c0000000000","URB_INTERRUPT in"
"193","26.301022","1.2.2","0x00000002","host","0xffffffff","USB","35","0000000000000000","URB_INTERRUPT in"
"195","26.333009","1.2.2","0x00000002","host","0xffffffff","USB","35","0000160000000000","URB_INTERRUPT in"
"197","26.449006","1.2.2","0x00000002","host","0xffffffff","USB","35","0000000000000000","URB_INTERRUPT in"
"199","26.468703","1.2.2","0x00000002","host","0xffffffff","USB","35","00002c0000000000","URB_INTERRUPT in"
"201","26.568723","1.2.2","0x00000002","host","0xffffffff","USB","35","0000000000000000","URB_INTERRUPT in"
"203","26.624677","1.2.2","0x00000002","host","0xffffffff","USB","35","0000170000000000","URB_INTERRUPT in"
"205","26.724910","1.2.2","0x00000002","host","0xffffffff","USB","35","0000120000000000","URB_INTERRUPT in"
"207","26.825011","1.2.2","0x00000002","host","0xffffffff","USB","35","0000000000000000","URB_INTERRUPT in"
"209","26.868983","1.2.2","0x00000002","host","0xffffffff","USB","35","0000170000000000","URB_INTERRUPT in"
"211","26.948944","1.2.2","0x00000002","host","0xffffffff","USB","35","0000170400000000","URB_INTERRUPT in"
"213","27.000663","1.2.2","0x00000002","host","0xffffffff","USB","35","0000040000000000","URB_INTERRUPT in"
"215","27.076786","1.2.2","0x00000002","host","0xffffffff","USB","35","0000000000000000","URB_INTERRUPT in"
"217","27.360922","1.2.2","0x00000002","host","0xffffffff","USB","35","00000f0000000000","URB_INTERRUPT in"
"219","27.477160","1.2.2","0x00000002","host","0xffffffff","USB","35","0000000000000000","URB_INTERRUPT in"
"221","27.684655","1.2.2","0x00000002","host","0xffffffff","USB","35","00000f0000000000","URB_INTERRUPT in"
"223","27.792703","1.2.2","0x00000002","host","0xffffffff","USB","35","0000000000000000","URB_INTERRUPT in"
"225","28.084703","1.2.2","0x00000002","host","0xffffffff","USB","35","00001c0000000000","URB_INTERRUPT in"
"227","28.166004","1.2.2","0x00000002","host","0xffffffff","USB","35","0000000000000000","URB_INTERRUPT in"
"229","28.229678","1.2.2","0x00000002","host","0xffffffff","USB","35","00002c0000000000","URB_INTERRUPT in"
"231","28.333653","1.2.2","0x00000002","host","0xffffffff","USB","35","0000000000000000","URB_INTERRUPT in"
"233","28.385708","1.2.2","0x00000002","host","0xffffffff","USB","35","0000080000000000","URB_INTERRUPT in"
"235","28.505746","1.2.2","0x00000002","host","0xffffffff","USB","35","0000000000000000","URB_INTERRUPT in"
"237","28.550668","1.2.2","0x00000002","host","0xffffffff","USB","35","0000110000000000","URB_INTERRUPT in"
"239","28.642690","1.2.2","0x00000002","host","0xffffffff","USB","35","0000000000000000","URB_INTERRUPT in"
"241","28.672651","1.2.2","0x00000002","host","0xffffffff","USB","35","0000060000000000","URB_INTERRUPT in"
"243","28.790682","1.2.2","0x00000002","host","0xffffffff","USB","35","0000000000000000","URB_INTERRUPT in"
"245","28.821673","1.2.2","0x00000002","host","0xffffffff","USB","35","0000150000000000","URB_INTERRUPT in"
"247","28.949689","1.2.2","0x00000002","host","0xffffffff","USB","35","0000000000000000","URB_INTERRUPT in"
"249","29.076670","1.2.2","0x00000002","host","0xffffffff","USB","35","00001c0000000000","URB_INTERRUPT in"
"251","29.160690","1.2.2","0x00000002","host","0xffffffff","USB","35","0000000000000000","URB_INTERRUPT in"
"253","29.294656","1.2.2","0x00000002","host","0xffffffff","USB","35","0000130000000000","URB_INTERRUPT in"
"255","29.428652","1.2.2","0x00000002","host","0xffffffff","USB","35","0000000000000000","URB_INTERRUPT in"
"257","29.489956","1.2.2","0x00000002","host","0xffffffff","USB","35","0000170000000000","URB_INTERRUPT in"
"259","29.597700","1.2.2","0x00000002","host","0xffffffff","USB","35","0000000000000000","URB_INTERRUPT in"
"261","29.709694","1.2.2","0x00000002","host","0xffffffff","USB","35","0000080000000000","URB_INTERRUPT in"
"263","29.796655","1.2.2","0x00000002","host","0xffffffff","USB","35","0000000000000000","URB_INTERRUPT in"
"265","29.941831","1.2.2","0x00000002","host","0xffffffff","USB","35","0000070000000000","URB_INTERRUPT in"
"267","30.022006","1.2.2","0x00000002","host","0xffffffff","USB","35","0000000000000000","URB_INTERRUPT in"
"269","31.275993","1.2.2","0x00000002","host","0xffffffff","USB","35","00002c0000000000","URB_INTERRUPT in"
"271","31.417694","1.2.2","0x00000002","host","0xffffffff","USB","35","0000000000000000","URB_INTERRUPT in"
"273","31.536644","1.2.2","0x00000002","host","0xffffffff","USB","35","0000060000000000","URB_INTERRUPT in"
"275","31.664003","1.2.2","0x00000002","host","0xffffffff","USB","35","0000000000000000","URB_INTERRUPT in"
"277","31.717013","1.2.2","0x00000002","host","0xffffffff","USB","35","00000b0000000000","URB_INTERRUPT in"
"279","31.860007","1.2.2","0x00000002","host","0xffffffff","USB","35","0000000000000000","URB_INTERRUPT in"
"281","31.961693","1.2.2","0x00000002","host","0xffffffff","USB","35","0000040000000000","URB_INTERRUPT in"
"283","32.063666","1.2.2","0x00000002","host","0xffffffff","USB","35","0000000000000000","URB_INTERRUPT in"
"285","32.136690","1.2.2","0x00000002","host","0xffffffff","USB","35","0000110000000000","URB_INTERRUPT in"
"287","32.213015","1.2.2","0x00000002","host","0xffffffff","USB","35","0000000000000000","URB_INTERRUPT in"
"289","32.303999","1.2.2","0x00000002","host","0xffffffff","USB","35","0000110000000000","URB_INTERRUPT in"
"291","32.396672","1.2.2","0x00000002","host","0xffffffff","USB","35","0000000000000000","URB_INTERRUPT in"
"293","32.517682","1.2.2","0x00000002","host","0xffffffff","USB","35","0000080000000000","URB_INTERRUPT in"
"295","32.632692","1.2.2","0x00000002","host","0xffffffff","USB","35","0000000000000000","URB_INTERRUPT in"
"297","32.711690","1.2.2","0x00000002","host","0xffffffff","USB","35","00000f0000000000","URB_INTERRUPT in"
"299","32.835696","1.2.2","0x00000002","host","0xffffffff","USB","35","0000000000000000","URB_INTERRUPT in"
"301","32.953655","1.2.2","0x00000002","host","0xffffffff","USB","35","00002c0000000000","URB_INTERRUPT in"
"303","33.075695","1.2.2","0x00000002","host","0xffffffff","USB","35","0000000000000000","URB_INTERRUPT in"
"305","33.192688","1.2.2","0x00000002","host","0xffffffff","USB","35","0000170000000000","URB_INTERRUPT in"
"307","33.287651","1.2.2","0x00000002","host","0xffffffff","USB","35","0000000000000000","URB_INTERRUPT in"
"309","33.305639","1.2.2","0x00000002","host","0xffffffff","USB","35","0000120000000000","URB_INTERRUPT in"
"311","33.399646","1.2.2","0x00000002","host","0xffffffff","USB","35","0000000000000000","URB_INTERRUPT in"
"313","33.455638","1.2.2","0x00000002","host","0xffffffff","USB","35","00002c0000000000","URB_INTERRUPT in"
"315","33.548686","1.2.2","0x00000002","host","0xffffffff","USB","35","0000000000000000","URB_INTERRUPT in"
"317","33.663689","1.2.2","0x00000002","host","0xffffffff","USB","35","0000100000000000","URB_INTERRUPT in"
"319","33.753712","1.2.2","0x00000002","host","0xffffffff","USB","35","0000000000000000","URB_INTERRUPT in"
"321","33.773688","1.2.2","0x00000002","host","0xffffffff","USB","35","0000040000000000","URB_INTERRUPT in"
"323","33.879675","1.2.2","0x00000002","host","0xffffffff","USB","35","0000000000000000","URB_INTERRUPT in"
"325","33.896686","1.2.2","0x00000002","host","0xffffffff","USB","35","00000e0000000000","URB_INTERRUPT in"
"327","34.020642","1.2.2","0x00000002","host","0xffffffff","USB","35","0000000000000000","URB_INTERRUPT in"
"329","34.028632","1.2.2","0x00000002","host","0xffffffff","USB","35","0000080000000000","URB_INTERRUPT in"
"331","34.124644","1.2.2","0x00000002","host","0xffffffff","USB","35","0000000000000000","URB_INTERRUPT in"
"333","34.140640","1.2.2","0x00000002","host","0xffffffff","USB","35","00002c0000000000","URB_INTERRUPT in"
"335","34.260657","1.2.2","0x00000002","host","0xffffffff","USB","35","0000000000000000","URB_INTERRUPT in"
"337","34.299658","1.2.2","0x00000002","host","0xffffffff","USB","35","0000160000000000","URB_INTERRUPT in"
"339","34.387687","1.2.2","0x00000002","host","0xffffffff","USB","35","0000000000000000","URB_INTERRUPT in"
"341","34.531668","1.2.2","0x00000002","host","0xffffffff","USB","35","0000180000000000","URB_INTERRUPT in"
"343","34.637180","1.2.2","0x00000002","host","0xffffffff","USB","35","0000000000000000","URB_INTERRUPT in"
"345","34.702330","1.2.2","0x00000002","host","0xffffffff","USB","35","0000150000000000","URB_INTERRUPT in"
"347","34.779683","1.2.2","0x00000002","host","0xffffffff","USB","35","0000150800000000","URB_INTERRUPT in"
"349","34.832669","1.2.2","0x00000002","host","0xffffffff","USB","35","0000080000000000","URB_INTERRUPT in"
"351","34.904656","1.2.2","0x00000002","host","0xffffffff","USB","35","00002c0000000000","URB_INTERRUPT in"
"353","35.011684","1.2.2","0x00000002","host","0xffffffff","USB","35","0000000000000000","URB_INTERRUPT in"
"355","35.155684","1.2.2","0x00000002","host","0xffffffff","USB","35","0000110000000000","URB_INTERRUPT in"
"357","35.235994","1.2.2","0x00000002","host","0xffffffff","USB","35","0000000000000000","URB_INTERRUPT in"
"359","35.389993","1.2.2","0x00000002","host","0xffffffff","USB","35","0000120000000000","URB_INTERRUPT in"
"361","35.488663","1.2.2","0x00000002","host","0xffffffff","USB","35","0000000000000000","URB_INTERRUPT in"
"363","35.579730","1.2.2","0x00000002","host","0xffffffff","USB","35","00002c0000000000","URB_INTERRUPT in"
"365","35.668657","1.2.2","0x00000002","host","0xffffffff","USB","35","0000000000000000","URB_INTERRUPT in"
"367","35.845995","1.2.2","0x00000002","host","0xffffffff","USB","35","0000120000000000","URB_INTERRUPT in"
"369","35.941656","1.2.2","0x00000002","host","0xffffffff","USB","35","0000000000000000","URB_INTERRUPT in"
"371","36.109674","1.2.2","0x00000002","host","0xffffffff","USB","35","0000110000000000","URB_INTERRUPT in"
"373","36.220652","1.2.2","0x00000002","host","0xffffffff","USB","35","0000000000000000","URB_INTERRUPT in"
"375","36.259670","1.2.2","0x00000002","host","0xffffffff","USB","35","0000080000000000","URB_INTERRUPT in"
"377","36.356666","1.2.2","0x00000002","host","0xffffffff","USB","35","0000000000000000","URB_INTERRUPT in"
"379","36.379682","1.2.2","0x00000002","host","0xffffffff","USB","35","00002c0000000000","URB_INTERRUPT in"
"381","36.511640","1.2.2","0x00000002","host","0xffffffff","USB","35","0000000000000000","URB_INTERRUPT in"
"383","36.595639","1.2.2","0x00000002","host","0xffffffff","USB","35","0000080000000000","URB_INTERRUPT in"
"385","36.700643","1.2.2","0x00000002","host","0xffffffff","USB","35","0000000000000000","URB_INTERRUPT in"
"387","36.713917","1.2.2","0x00000002","host","0xffffffff","USB","35","00000f0000000000","URB_INTERRUPT in"
"389","36.823720","1.2.2","0x00000002","host","0xffffffff","USB","35","0000000000000000","URB_INTERRUPT in"
"391","36.879681","1.2.2","0x00000002","host","0xffffffff","USB","35","0000160000000000","URB_INTERRUPT in"
"393","37.012991","1.2.2","0x00000002","host","0xffffffff","USB","35","0000160800000000","URB_INTERRUPT in"
"395","37.080896","1.2.2","0x00000002","host","0xffffffff","USB","35","0000080000000000","URB_INTERRUPT in"
"397","37.119642","1.2.2","0x00000002","host","0xffffffff","USB","35","0000000000000000","URB_INTERRUPT in"
"399","37.367680","1.2.2","0x00000002","host","0xffffffff","USB","35","00002c0000000000","URB_INTERRUPT in"
"401","37.539677","1.2.2","0x00000002","host","0xffffffff","USB","35","0000000000000000","URB_INTERRUPT in"
"403","37.551664","1.2.2","0x00000002","host","0xffffffff","USB","35","00001a0000000000","URB_INTERRUPT in"
"405","37.647650","1.2.2","0x00000002","host","0xffffffff","USB","35","0000000000000000","URB_INTERRUPT in"
"407","37.729985","1.2.2","0x00000002","host","0xffffffff","USB","35","00000c0000000000","URB_INTERRUPT in"
"409","37.821996","1.2.2","0x00000002","host","0xffffffff","USB","35","0000000000000000","URB_INTERRUPT in"
"411","37.991679","1.2.2","0x00000002","host","0xffffffff","USB","35","00000f0000000000","URB_INTERRUPT in"
"413","38.073679","1.2.2","0x00000002","host","0xffffffff","USB","35","0000000000000000","URB_INTERRUPT in"
"415","38.173650","1.2.2","0x00000002","host","0xffffffff","USB","35","00000f0000000000","URB_INTERRUPT in"
"417","38.260996","1.2.2","0x00000002","host","0xffffffff","USB","35","0000000000000000","URB_INTERRUPT in"
"419","38.415982","1.2.2","0x00000002","host","0xffffffff","USB","35","00002c0000000000","URB_INTERRUPT in"
"421","38.497704","1.2.2","0x00000002","host","0xffffffff","USB","35","0000000000000000","URB_INTERRUPT in"
"423","38.764675","1.2.2","0x00000002","host","0xffffffff","USB","35","0000050000000000","URB_INTERRUPT in"
"425","38.864002","1.2.2","0x00000002","host","0xffffffff","USB","35","0000000000000000","URB_INTERRUPT in"
"427","38.895989","1.2.2","0x00000002","host","0xffffffff","USB","35","0000080000000000","URB_INTERRUPT in"
"429","39.004990","1.2.2","0x00000002","host","0xffffffff","USB","35","0000000000000000","URB_INTERRUPT in"
"431","39.019979","1.2.2","0x00000002","host","0xffffffff","USB","35","00002c0000000000","URB_INTERRUPT in"
"433","39.115883","1.2.2","0x00000002","host","0xffffffff","USB","35","0000000000000000","URB_INTERRUPT in"
"435","39.147655","1.2.2","0x00000002","host","0xffffffff","USB","35","0000040000000000","URB_INTERRUPT in"
"437","39.261651","1.2.2","0x00000002","host","0xffffffff","USB","35","0000000000000000","URB_INTERRUPT in"
"439","39.319675","1.2.2","0x00000002","host","0xffffffff","USB","35","0000050000000000","URB_INTERRUPT in"
"441","39.395672","1.2.2","0x00000002","host","0xffffffff","USB","35","0000000000000000","URB_INTERRUPT in"
"443","39.648639","1.2.2","0x00000002","host","0xffffffff","USB","35","00000f0000000000","URB_INTERRUPT in"
"445","39.755677","1.2.2","0x00000002","host","0xffffffff","USB","35","0000000000000000","URB_INTERRUPT in"
"447","39.779650","1.2.2","0x00000002","host","0xffffffff","USB","35","0000080000000000","URB_INTERRUPT in"
"449","39.899673","1.2.2","0x00000002","host","0xffffffff","USB","35","0000000000000000","URB_INTERRUPT in"
"451","39.904680","1.2.2","0x00000002","host","0xffffffff","USB","35","00002c0000000000","URB_INTERRUPT in"
"453","39.996645","1.2.2","0x00000002","host","0xffffffff","USB","35","0000000000000000","URB_INTERRUPT in"
"455","40.060642","1.2.2","0x00000002","host","0xffffffff","USB","35","0000170000000000","URB_INTERRUPT in"
"457","40.147675","1.2.2","0x00000002","host","0xffffffff","USB","35","0000000000000000","URB_INTERRUPT in"
"459","40.167677","1.2.2","0x00000002","host","0xffffffff","USB","35","0000120000000000","URB_INTERRUPT in"
"461","40.267651","1.2.2","0x00000002","host","0xffffffff","USB","35","0000000000000000","URB_INTERRUPT in"
"463","40.880887","1.2.2","0x00000002","host","0xffffffff","USB","35","00002c0000000000","URB_INTERRUPT in"
"465","41.044673","1.2.2","0x00000002","host","0xffffffff","USB","35","00002c1500000000","URB_INTERRUPT in"
"467","41.053645","1.2.2","0x00000002","host","0xffffffff","USB","35","0000150000000000","URB_INTERRUPT in"
"469","41.120669","1.2.2","0x00000002","host","0xffffffff","USB","35","0000150800000000","URB_INTERRUPT in"
"471","41.239663","1.2.2","0x00000002","host","0xffffffff","USB","35","0000080000000000","URB_INTERRUPT in"
"473","41.291977","1.2.2","0x00000002","host","0xffffffff","USB","35","0000080400000000","URB_INTERRUPT in"
"475","41.401666","1.2.2","0x00000002","host","0xffffffff","USB","35","0000040000000000","URB_INTERRUPT in"
"477","41.484185","1.2.2","0x00000002","host","0xffffffff","USB","35","0000000000000000","URB_INTERRUPT in"
"479","41.840976","1.2.2","0x00000002","host","0xffffffff","USB","35","0000170000000000","URB_INTERRUPT in"
"481","41.959983","1.2.2","0x00000002","host","0xffffffff","USB","35","0000000000000000","URB_INTERRUPT in"
"483","42.176978","1.2.2","0x00000002","host","0xffffffff","USB","35","00002a0000000000","URB_INTERRUPT in"
"485","42.287658","1.2.2","0x00000002","host","0xffffffff","USB","35","00002a0700000000","URB_INTERRUPT in"
"487","42.297640","1.2.2","0x00000002","host","0xffffffff","USB","35","0000070000000000","URB_INTERRUPT in"
"489","42.399653","1.2.2","0x00000002","host","0xffffffff","USB","35","0000000000000000","URB_INTERRUPT in"
"491","42.445669","1.2.2","0x00000002","host","0xffffffff","USB","35","00002c0000000000","URB_INTERRUPT in"
"493","42.575897","1.2.2","0x00000002","host","0xffffffff","USB","35","0000000000000000","URB_INTERRUPT in"
"495","42.816668","1.2.2","0x00000002","host","0xffffffff","USB","35","00000c0000000000","URB_INTERRUPT in"
"497","42.920688","1.2.2","0x00000002","host","0xffffffff","USB","35","0000000000000000","URB_INTERRUPT in"
"499","42.945672","1.2.2","0x00000002","host","0xffffffff","USB","35","0000170000000000","URB_INTERRUPT in"
"501","43.043665","1.2.2","0x00000002","host","0xffffffff","USB","35","0000172c00000000","URB_INTERRUPT in"
"503","43.048642","1.2.2","0x00000002","host","0xffffffff","USB","35","00002c0000000000","URB_INTERRUPT in"
"505","43.185948","1.2.2","0x00000002","host","0xffffffff","USB","35","0000000000000000","URB_INTERRUPT in"
"507","43.329118","1.2.2","0x00000002","host","0xffffffff","USB","35","0000080000000000","URB_INTERRUPT in"
"509","43.449664","1.2.2","0x00000002","host","0xffffffff","USB","35","0000000000000000","URB_INTERRUPT in"
"511","43.633969","1.2.2","0x00000002","host","0xffffffff","USB","35","00001b0000000000","URB_INTERRUPT in"
"513","43.745668","1.2.2","0x00000002","host","0xffffffff","USB","35","0000000000000000","URB_INTERRUPT in"
"515","43.946958","1.2.2","0x00000002","host","0xffffffff","USB","35","0000060000000000","URB_INTERRUPT in"
"517","44.049665","1.2.2","0x00000002","host","0xffffffff","USB","35","0000000000000000","URB_INTERRUPT in"
"519","44.133636","1.2.2","0x00000002","host","0xffffffff","USB","35","0000080000000000","URB_INTERRUPT in"
"521","44.232611","1.2.2","0x00000002","host","0xffffffff","USB","35","0000000000000000","URB_INTERRUPT in"
"523","44.449976","1.2.2","0x00000002","host","0xffffffff","USB","35","0000130000000000","URB_INTERRUPT in"
"525","44.588663","1.2.2","0x00000002","host","0xffffffff","USB","35","0000131700000000","URB_INTERRUPT in"
"527","44.608639","1.2.2","0x00000002","host","0xffffffff","USB","35","0000170000000000","URB_INTERRUPT in"
"529","44.700660","1.2.2","0x00000002","host","0xffffffff","USB","35","0000000000000000","URB_INTERRUPT in"
"531","44.828941","1.2.2","0x00000002","host","0xffffffff","USB","35","00002c0000000000","URB_INTERRUPT in"
"533","44.984975","1.2.2","0x00000002","host","0xffffffff","USB","35","0000000000000000","URB_INTERRUPT in"
"535","45.085977","1.2.2","0x00000002","host","0xffffffff","USB","35","0000120000000000","URB_INTERRUPT in"
"537","45.209716","1.2.2","0x00000002","host","0xffffffff","USB","35","0000000000000000","URB_INTERRUPT in"
"539","45.236612","1.2.2","0x00000002","host","0xffffffff","USB","35","0000090000000000","URB_INTERRUPT in"
"541","45.345658","1.2.2","0x00000002","host","0xffffffff","USB","35","0000000000000000","URB_INTERRUPT in"
"543","45.469657","1.2.2","0x00000002","host","0xffffffff","USB","35","00002c0000000000","URB_INTERRUPT in"
"545","45.608954","1.2.2","0x00000002","host","0xffffffff","USB","35","0000000000000000","URB_INTERRUPT in"
"547","45.897664","1.2.2","0x00000002","host","0xffffffff","USB","35","0000180000000000","URB_INTERRUPT in"
"549","45.996659","1.2.2","0x00000002","host","0xffffffff","USB","35","0000000000000000","URB_INTERRUPT in"
"551","46.025655","1.2.2","0x00000002","host","0xffffffff","USB","35","0000160000000000","URB_INTERRUPT in"
"553","46.152969","1.2.2","0x00000002","host","0xffffffff","USB","35","0000000000000000","URB_INTERRUPT in"
"555","46.300974","1.2.2","0x00000002","host","0xffffffff","USB","35","0000370000000000","URB_INTERRUPT in"
"557","46.413649","1.2.2","0x00000002","host","0xffffffff","USB","35","0000000000000000","URB_INTERRUPT in"
"559","47.117909","1.2.2","0x00000002","host","0xffffffff","USB","35","00002c0000000000","URB_INTERRUPT in"
"561","47.264629","1.2.2","0x00000002","host","0xffffffff","USB","35","0000000000000000","URB_INTERRUPT in"
"563","47.298605","1.2.2","0x00000002","host","0xffffffff","USB","35","0200000000000000","URB_INTERRUPT in"
"565","47.545969","1.2.2","0x00000002","host","0xffffffff","USB","35","0200170000000000","URB_INTERRUPT in"
"567","47.600656","1.2.2","0x00000002","host","0xffffffff","USB","35","0000170000000000","URB_INTERRUPT in"
"569","47.633605","1.2.2","0x00000002","host","0xffffffff","USB","35","0000000000000000","URB_INTERRUPT in"
"571","47.741611","1.2.2","0x00000002","host","0xffffffff","USB","35","00000b0000000000","URB_INTERRUPT in"
"573","47.831653","1.2.2","0x00000002","host","0xffffffff","USB","35","0000000000000000","URB_INTERRUPT in"
"575","47.983966","1.2.2","0x00000002","host","0xffffffff","USB","35","00000c0000000000","URB_INTERRUPT in"
"577","48.055966","1.2.2","0x00000002","host","0xffffffff","USB","35","0000000000000000","URB_INTERRUPT in"
"579","48.136765","1.2.2","0x00000002","host","0xffffffff","USB","35","0000160000000000","URB_INTERRUPT in"
"581","48.225650","1.2.2","0x00000002","host","0xffffffff","USB","35","0000000000000000","URB_INTERRUPT in"
"583","48.873717","1.2.2","0x00000002","host","0xffffffff","USB","35","00002c0000000000","URB_INTERRUPT in"
"585","49.009658","1.2.2","0x00000002","host","0xffffffff","USB","35","0000000000000000","URB_INTERRUPT in"
"587","49.119653","1.2.2","0x00000002","host","0xffffffff","USB","35","00000c0000000000","URB_INTERRUPT in"
"589","49.227971","1.2.2","0x00000002","host","0xffffffff","USB","35","0000000000000000","URB_INTERRUPT in"
"591","49.403875","1.2.2","0x00000002","host","0xffffffff","USB","35","0000110000000000","URB_INTERRUPT in"
"593","49.523604","1.2.2","0x00000002","host","0xffffffff","USB","35","0000000000000000","URB_INTERRUPT in"
"595","49.587649","1.2.2","0x00000002","host","0xffffffff","USB","35","0000090000000000","URB_INTERRUPT in"
"597","49.680648","1.2.2","0x00000002","host","0xffffffff","USB","35","0000000000000000","URB_INTERRUPT in"
"599","49.704651","1.2.2","0x00000002","host","0xffffffff","USB","35","0000120000000000","URB_INTERRUPT in"
"601","49.804974","1.2.2","0x00000002","host","0xffffffff","USB","35","0000000000000000","URB_INTERRUPT in"
"603","49.856084","1.2.2","0x00000002","host","0xffffffff","USB","35","0000150000000000","URB_INTERRUPT in"
"605","49.972674","1.2.2","0x00000002","host","0xffffffff","USB","35","0000000000000000","URB_INTERRUPT in"
"607","50.011639","1.2.2","0x00000002","host","0xffffffff","USB","35","0000100000000000","URB_INTERRUPT in"
"609","50.085648","1.2.2","0x00000002","host","0xffffffff","USB","35","0000100400000000","URB_INTERRUPT in"
"611","50.121662","1.2.2","0x00000002","host","0xffffffff","USB","35","0000040000000000","URB_INTERRUPT in"
"613","50.230649","1.2.2","0x00000002","host","0xffffffff","USB","35","0000041700000000","URB_INTERRUPT in"
"615","50.252624","1.2.2","0x00000002","host","0xffffffff","USB","35","0000170000000000","URB_INTERRUPT in"
"617","50.322689","1.2.2","0x00000002","host","0xffffffff","USB","35","0000000000000000","URB_INTERRUPT in"
"619","50.345959","1.2.2","0x00000002","host","0xffffffff","USB","35","00000c0000000000","URB_INTERRUPT in"
"621","50.453602","1.2.2","0x00000002","host","0xffffffff","USB","35","0000000000000000","URB_INTERRUPT in"
"623","50.588722","1.2.2","0x00000002","host","0xffffffff","USB","35","0000120000000000","URB_INTERRUPT in"
"625","50.681609","1.2.2","0x00000002","host","0xffffffff","USB","35","0000000000000000","URB_INTERRUPT in"
"627","50.854647","1.2.2","0x00000002","host","0xffffffff","USB","35","0000110000000000","URB_INTERRUPT in"
"629","50.956595","1.2.2","0x00000002","host","0xffffffff","USB","35","0000000000000000","URB_INTERRUPT in"
"631","51.596957","1.2.2","0x00000002","host","0xffffffff","USB","35","00002c0000000000","URB_INTERRUPT in"
"633","51.686951","1.2.2","0x00000002","host","0xffffffff","USB","35","0000000000000000","URB_INTERRUPT in"
"635","51.806065","1.2.2","0x00000002","host","0xffffffff","USB","35","00000c0000000000","URB_INTERRUPT in"
"637","51.933647","1.2.2","0x00000002","host","0xffffffff","USB","35","0000000000000000","URB_INTERRUPT in"
"639","51.984646","1.2.2","0x00000002","host","0xffffffff","USB","35","0000160000000000","URB_INTERRUPT in"
"641","52.092643","1.2.2","0x00000002","host","0xffffffff","USB","35","0000162c00000000","URB_INTERRUPT in"
"643","52.096635","1.2.2","0x00000002","host","0xffffffff","USB","35","00002c0000000000","URB_INTERRUPT in"
"645","52.213627","1.2.2","0x00000002","host","0xffffffff","USB","35","0000000000000000","URB_INTERRUPT in"
"647","52.284665","1.2.2","0x00000002","host","0xffffffff","USB","35","0000060000000000","URB_INTERRUPT in"
"649","52.369301","1.2.2","0x00000002","host","0xffffffff","USB","35","0000000000000000","URB_INTERRUPT in"
"651","52.402963","1.2.2","0x00000002","host","0xffffffff","USB","35","0000120000000000","URB_INTERRUPT in"
"653","52.494644","1.2.2","0x00000002","host","0xffffffff","USB","35","0000000000000000","URB_INTERRUPT in"
"655","52.722957","1.2.2","0x00000002","host","0xffffffff","USB","35","0000110000000000","URB_INTERRUPT in"
"657","52.850615","1.2.2","0x00000002","host","0xffffffff","USB","35","0000000000000000","URB_INTERRUPT in"
"659","52.928859","1.2.2","0x00000002","host","0xffffffff","USB","35","0000090000000000","URB_INTERRUPT in"
"661","53.029653","1.2.2","0x00000002","host","0xffffffff","USB","35","0000000000000000","URB_INTERRUPT in"
"663","53.516868","1.2.2","0x00000002","host","0xffffffff","USB","35","00000c0000000000","URB_INTERRUPT in"
"665","53.677640","1.2.2","0x00000002","host","0xffffffff","USB","35","0000000000000000","URB_INTERRUPT in"
"667","53.918654","1.2.2","0x00000002","host","0xffffffff","USB","35","0000070000000000","URB_INTERRUPT in"
"669","54.048924","1.2.2","0x00000002","host","0xffffffff","USB","35","0000070800000000","URB_INTERRUPT in"
"671","54.084670","1.2.2","0x00000002","host","0xffffffff","USB","35","0000080000000000","URB_INTERRUPT in"
"673","54.196637","1.2.2","0x00000002","host","0xffffffff","USB","35","0000000000000000","URB_INTERRUPT in"
"675","54.274629","1.2.2","0x00000002","host","0xffffffff","USB","35","0000110000000000","URB_INTERRUPT in"
"677","54.396623","1.2.2","0x00000002","host","0xffffffff","USB","35","0000000000000000","URB_INTERRUPT in"
"679","54.397607","1.2.2","0x00000002","host","0xffffffff","USB","35","0000170000000000","URB_INTERRUPT in"
"681","54.509632","1.2.2","0x00000002","host","0xffffffff","USB","35","0000000000000000","URB_INTERRUPT in"
"683","54.557594","1.2.2","0x00000002","host","0xffffffff","USB","35","00000c0000000000","URB_INTERRUPT in"
"685","54.669990","1.2.2","0x00000002","host","0xffffffff","USB","35","0000000000000000","URB_INTERRUPT in"
"687","54.734606","1.2.2","0x00000002","host","0xffffffff","USB","35","0000040000000000","URB_INTERRUPT in"
"689","54.853639","1.2.2","0x00000002","host","0xffffffff","USB","35","0000000000000000","URB_INTERRUPT in"
"691","54.927035","1.2.2","0x00000002","host","0xffffffff","USB","35","00000f0000000000","URB_INTERRUPT in"
"693","55.063592","1.2.2","0x00000002","host","0xffffffff","USB","35","0000000000000000","URB_INTERRUPT in"
"695","55.189620","1.2.2","0x00000002","host","0xffffffff","USB","35","00002c0000000000","URB_INTERRUPT in"
"697","55.303591","1.2.2","0x00000002","host","0xffffffff","USB","35","0000000000000000","URB_INTERRUPT in"
"699","55.386593","1.2.2","0x00000002","host","0xffffffff","USB","35","0000040000000000","URB_INTERRUPT in"
"701","55.509636","1.2.2","0x00000002","host","0xffffffff","USB","35","0000000000000000","URB_INTERRUPT in"
"703","55.517590","1.2.2","0x00000002","host","0xffffffff","USB","35","0000110000000000","URB_INTERRUPT in"
"705","55.639626","1.2.2","0x00000002","host","0xffffffff","USB","35","0000000000000000","URB_INTERRUPT in"
"707","55.690613","1.2.2","0x00000002","host","0xffffffff","USB","35","0000070000000000","URB_INTERRUPT in"
"709","55.761631","1.2.2","0x00000002","host","0xffffffff","USB","35","0000000000000000","URB_INTERRUPT in"
"711","55.805949","1.2.2","0x00000002","host","0xffffffff","USB","35","00002c0000000000","URB_INTERRUPT in"
"713","55.909957","1.2.2","0x00000002","host","0xffffffff","USB","35","0000000000000000","URB_INTERRUPT in"
"715","56.021949","1.2.2","0x00000002","host","0xffffffff","USB","35","0000100000000000","URB_INTERRUPT in"
"717","56.115585","1.2.2","0x00000002","host","0xffffffff","USB","35","0000000000000000","URB_INTERRUPT in"
"719","56.402873","1.2.2","0x00000002","host","0xffffffff","USB","35","0000180000000000","URB_INTERRUPT in"
"721","56.497942","1.2.2","0x00000002","host","0xffffffff","USB","35","0000000000000000","URB_INTERRUPT in"
"723","56.547896","1.2.2","0x00000002","host","0xffffffff","USB","35","0000160000000000","URB_INTERRUPT in"
"725","56.721623","1.2.2","0x00000002","host","0xffffffff","USB","35","0000000000000000","URB_INTERRUPT in"
"727","56.782637","1.2.2","0x00000002","host","0xffffffff","USB","35","0000170000000000","URB_INTERRUPT in"
"729","56.849625","1.2.2","0x00000002","host","0xffffffff","USB","35","0000000000000000","URB_INTERRUPT in"
"731","56.929636","1.2.2","0x00000002","host","0xffffffff","USB","35","00002c0000000000","URB_INTERRUPT in"
"733","57.022588","1.2.2","0x00000002","host","0xffffffff","USB","35","0000000000000000","URB_INTERRUPT in"
"735","57.145942","1.2.2","0x00000002","host","0xffffffff","USB","35","0000110000000000","URB_INTERRUPT in"
"737","57.233608","1.2.2","0x00000002","host","0xffffffff","USB","35","0000000000000000","URB_INTERRUPT in"
"739","57.410633","1.2.2","0x00000002","host","0xffffffff","USB","35","0000120000000000","URB_INTERRUPT in"
"741","57.530633","1.2.2","0x00000002","host","0xffffffff","USB","35","0000000000000000","URB_INTERRUPT in"
"743","57.566634","1.2.2","0x00000002","host","0xffffffff","USB","35","0000170000000000","URB_INTERRUPT in"
"745","57.673937","1.2.2","0x00000002","host","0xffffffff","USB","35","0000000000000000","URB_INTERRUPT in"
"747","57.699632","1.2.2","0x00000002","host","0xffffffff","USB","35","00002c0000000000","URB_INTERRUPT in"
"749","57.831597","1.2.2","0x00000002","host","0xffffffff","USB","35","0000000000000000","URB_INTERRUPT in"
"751","58.049631","1.2.2","0x00000002","host","0xffffffff","USB","35","0000050000000000","URB_INTERRUPT in"
"753","58.137634","1.2.2","0x00000002","host","0xffffffff","USB","35","0000000000000000","URB_INTERRUPT in"
"755","58.297946","1.2.2","0x00000002","host","0xffffffff","USB","35","0000080000000000","URB_INTERRUPT in"
"757","58.386918","1.2.2","0x00000002","host","0xffffffff","USB","35","0000000000000000","URB_INTERRUPT in"
"759","58.466627","1.2.2","0x00000002","host","0xffffffff","USB","35","00002c0000000000","URB_INTERRUPT in"
"761","58.575597","1.2.2","0x00000002","host","0xffffffff","USB","35","0000000000000000","URB_INTERRUPT in"
"763","58.595629","1.2.2","0x00000002","host","0xffffffff","USB","35","0000160000000000","URB_INTERRUPT in"
"765","58.717631","1.2.2","0x00000002","host","0xffffffff","USB","35","0000000000000000","URB_INTERRUPT in"
"767","58.742632","1.2.2","0x00000002","host","0xffffffff","USB","35","00000b0000000000","URB_INTERRUPT in"
"769","58.834941","1.2.2","0x00000002","host","0xffffffff","USB","35","0000000000000000","URB_INTERRUPT in"
"771","58.857936","1.2.2","0x00000002","host","0xffffffff","USB","35","0000040000000000","URB_INTERRUPT in"
"773","58.954584","1.2.2","0x00000002","host","0xffffffff","USB","35","0000000000000000","URB_INTERRUPT in"
"775","59.006936","1.2.2","0x00000002","host","0xffffffff","USB","35","0000150000000000","URB_INTERRUPT in"
"777","59.130709","1.2.2","0x00000002","host","0xffffffff","USB","35","0000150800000000","URB_INTERRUPT in"
"779","59.197601","1.2.2","0x00000002","host","0xffffffff","USB","35","0000080000000000","URB_INTERRUPT in"
"781","59.231624","1.2.2","0x00000002","host","0xffffffff","USB","35","0000000000000000","URB_INTERRUPT in"
"783","59.407953","1.2.2","0x00000002","host","0xffffffff","USB","35","0000070000000000","URB_INTERRUPT in"
"785","59.502928","1.2.2","0x00000002","host","0xffffffff","USB","35","0000000000000000","URB_INTERRUPT in"
"787","59.598592","1.2.2","0x00000002","host","0xffffffff","USB","35","00002c0000000000","URB_INTERRUPT in"
"789","59.750603","1.2.2","0x00000002","host","0xffffffff","USB","35","0000000000000000","URB_INTERRUPT in"
"791","60.525624","1.2.2","0x00000002","host","0xffffffff","USB","35","00001a0000000000","URB_INTERRUPT in"
"793","60.661923","1.2.2","0x00000002","host","0xffffffff","USB","35","0000000000000000","URB_INTERRUPT in"
"795","60.733934","1.2.2","0x00000002","host","0xffffffff","USB","35","00000c0000000000","URB_INTERRUPT in"
"797","60.845765","1.2.2","0x00000002","host","0xffffffff","USB","35","0000000000000000","URB_INTERRUPT in"
"799","60.925614","1.2.2","0x00000002","host","0xffffffff","USB","35","0000170000000000","URB_INTERRUPT in"
"801","61.036625","1.2.2","0x00000002","host","0xffffffff","USB","35","0000000000000000","URB_INTERRUPT in"
"803","61.084628","1.2.2","0x00000002","host","0xffffffff","USB","35","00000b0000000000","URB_INTERRUPT in"
"805","61.196636","1.2.2","0x00000002","host","0xffffffff","USB","35","0000000000000000","URB_INTERRUPT in"
"807","61.300582","1.2.2","0x00000002","host","0xffffffff","USB","35","00002c0000000000","URB_INTERRUPT in"
"809","61.422936","1.2.2","0x00000002","host","0xffffffff","USB","35","0000000000000000","URB_INTERRUPT in"
"811","61.601618","1.2.2","0x00000002","host","0xffffffff","USB","35","0000040000000000","URB_INTERRUPT in"
"813","61.709622","1.2.2","0x00000002","host","0xffffffff","USB","35","0000000000000000","URB_INTERRUPT in"
"815","61.788570","1.2.2","0x00000002","host","0xffffffff","USB","35","0000110000000000","URB_INTERRUPT in"
"817","61.896924","1.2.2","0x00000002","host","0xffffffff","USB","35","0000000000000000","URB_INTERRUPT in"
"819","61.952923","1.2.2","0x00000002","host","0xffffffff","USB","35","00001c0000000000","URB_INTERRUPT in"
"821","62.040942","1.2.2","0x00000002","host","0xffffffff","USB","35","0000000000000000","URB_INTERRUPT in"
"823","62.140767","1.2.2","0x00000002","host","0xffffffff","USB","35","0000120000000000","URB_INTERRUPT in"
"825","62.242600","1.2.2","0x00000002","host","0xffffffff","USB","35","0000000000000000","URB_INTERRUPT in"
"827","62.408935","1.2.2","0x00000002","host","0xffffffff","USB","35","0000110000000000","URB_INTERRUPT in"
"829","62.526904","1.2.2","0x00000002","host","0xffffffff","USB","35","0000000000000000","URB_INTERRUPT in"
"831","62.545913","1.2.2","0x00000002","host","0xffffffff","USB","35","0000080000000000","URB_INTERRUPT in"
"833","62.641934","1.2.2","0x00000002","host","0xffffffff","USB","35","0000000000000000","URB_INTERRUPT in"
"835","62.672933","1.2.2","0x00000002","host","0xffffffff","USB","35","00002c0000000000","URB_INTERRUPT in"
"837","62.764622","1.2.2","0x00000002","host","0xffffffff","USB","35","0000000000000000","URB_INTERRUPT in"
"839","62.776620","1.2.2","0x00000002","host","0xffffffff","USB","35","0000080000000000","URB_INTERRUPT in"
"841","62.876579","1.2.2","0x00000002","host","0xffffffff","USB","35","0000000000000000","URB_INTERRUPT in"
"843","62.897610","1.2.2","0x00000002","host","0xffffffff","USB","35","00000f0000000000","URB_INTERRUPT in"
"845","63.048928","1.2.2","0x00000002","host","0xffffffff","USB","35","0000000000000000","URB_INTERRUPT in"
"847","63.053930","1.2.2","0x00000002","host","0xffffffff","USB","35","0000160000000000","URB_INTERRUPT in"
"849","63.180648","1.2.2","0x00000002","host","0xffffffff","USB","35","0000160800000000","URB_INTERRUPT in"
"851","63.260604","1.2.2","0x00000002","host","0xffffffff","USB","35","0000080000000000","URB_INTERRUPT in"
"853","63.324571","1.2.2","0x00000002","host","0xffffffff","USB","35","0000000000000000","URB_INTERRUPT in"
"855","63.397618","1.2.2","0x00000002","host","0xffffffff","USB","35","0000370000000000","URB_INTERRUPT in"
"857","63.593580","1.2.2","0x00000002","host","0xffffffff","USB","35","0000000000000000","URB_INTERRUPT in"
"859","63.972620","1.2.2","0x00000002","host","0xffffffff","USB","35","00002c0000000000","URB_INTERRUPT in"
"861","64.108615","1.2.2","0x00000002","host","0xffffffff","USB","35","0000000000000000","URB_INTERRUPT in"
"863","64.437931","1.2.2","0x00000002","host","0xffffffff","USB","35","0200000000000000","URB_INTERRUPT in"
"865","64.668625","1.2.2","0x00000002","host","0xffffffff","USB","35","0200170000000000","URB_INTERRUPT in"
"867","64.745570","1.2.2","0x00000002","host","0xffffffff","USB","35","0000170000000000","URB_INTERRUPT in"
"869","64.756582","1.2.2","0x00000002","host","0xffffffff","USB","35","0000000000000000","URB_INTERRUPT in"
"871","64.772579","1.2.2","0x00000002","host","0xffffffff","USB","35","00000b0000000000","URB_INTERRUPT in"
"873","64.876576","1.2.2","0x00000002","host","0xffffffff","USB","35","0000000000000000","URB_INTERRUPT in"
"875","64.901569","1.2.2","0x00000002","host","0xffffffff","USB","35","0000080000000000","URB_INTERRUPT in"
"877","64.997838","1.2.2","0x00000002","host","0xffffffff","USB","35","0000000000000000","URB_INTERRUPT in"
"879","65.053944","1.2.2","0x00000002","host","0xffffffff","USB","35","00002c0000000000","URB_INTERRUPT in"
"881","65.188605","1.2.2","0x00000002","host","0xffffffff","USB","35","00002c1600000000","URB_INTERRUPT in"
"883","65.196576","1.2.2","0x00000002","host","0xffffffff","USB","35","0000160000000000","URB_INTERRUPT in"
"885","65.313638","1.2.2","0x00000002","host","0xffffffff","USB","35","0000160800000000","URB_INTERRUPT in"
"887","65.397603","1.2.2","0x00000002","host","0xffffffff","USB","35","0000080000000000","URB_INTERRUPT in"
"889","65.436614","1.2.2","0x00000002","host","0xffffffff","USB","35","0000000000000000","URB_INTERRUPT in"
"891","65.616828","1.2.2","0x00000002","host","0xffffffff","USB","35","0000060000000000","URB_INTERRUPT in"
"893","65.715714","1.2.2","0x00000002","host","0xffffffff","USB","35","0000000000000000","URB_INTERRUPT in"
"895","65.868669","1.2.2","0x00000002","host","0xffffffff","USB","35","0000150000000000","URB_INTERRUPT in"
"897","66.045605","1.2.2","0x00000002","host","0xffffffff","USB","35","0000150800000000","URB_INTERRUPT in"
"899","66.100604","1.2.2","0x00000002","host","0xffffffff","USB","35","0000080000000000","URB_INTERRUPT in"
"901","66.227627","1.2.2","0x00000002","host","0xffffffff","USB","35","0000000000000000","URB_INTERRUPT in"
"903","66.316903","1.2.2","0x00000002","host","0xffffffff","USB","35","0000170000000000","URB_INTERRUPT in"
"905","66.432586","1.2.2","0x00000002","host","0xffffffff","USB","35","0000000000000000","URB_INTERRUPT in"
"907","66.528614","1.2.2","0x00000002","host","0xffffffff","USB","35","0000040000000000","URB_INTERRUPT in"
"909","66.667915","1.2.2","0x00000002","host","0xffffffff","USB","35","0000000000000000","URB_INTERRUPT in"
"911","66.747767","1.2.2","0x00000002","host","0xffffffff","USB","35","0000150000000000","URB_INTERRUPT in"
"913","66.871916","1.2.2","0x00000002","host","0xffffffff","USB","35","0000000000000000","URB_INTERRUPT in"
"915","67.127612","1.2.2","0x00000002","host","0xffffffff","USB","35","00001c0000000000","URB_INTERRUPT in"
"917","67.199611","1.2.2","0x00000002","host","0xffffffff","USB","35","0000000000000000","URB_INTERRUPT in"
"919","67.659611","1.2.2","0x00000002","host","0xffffffff","USB","35","0000340000000000","URB_INTERRUPT in"
"921","67.787608","1.2.2","0x00000002","host","0xffffffff","USB","35","0000000000000000","URB_INTERRUPT in"
"923","67.821927","1.2.2","0x00000002","host","0xffffffff","USB","35","0000160000000000","URB_INTERRUPT in"
"925","67.937610","1.2.2","0x00000002","host","0xffffffff","USB","35","0000000000000000","URB_INTERRUPT in"
"927","68.705598","1.2.2","0x00000002","host","0xffffffff","USB","35","00002c0000000000","URB_INTERRUPT in"
"929","68.847608","1.2.2","0x00000002","host","0xffffffff","USB","35","0000000000000000","URB_INTERRUPT in"
"931","69.181568","1.2.2","0x00000002","host","0xffffffff","USB","35","00000b0000000000","URB_INTERRUPT in"
"933","69.253599","1.2.2","0x00000002","host","0xffffffff","USB","35","0000000000000000","URB_INTERRUPT in"
"935","69.323609","1.2.2","0x00000002","host","0xffffffff","USB","35","00000c0000000000","URB_INTERRUPT in"
"937","69.424601","1.2.2","0x00000002","host","0xffffffff","USB","35","0000000000000000","URB_INTERRUPT in"
"939","69.512577","1.2.2","0x00000002","host","0xffffffff","USB","35","0000070000000000","URB_INTERRUPT in"
"941","69.599580","1.2.2","0x00000002","host","0xffffffff","USB","35","0000000000000000","URB_INTERRUPT in"
"943","69.677924","1.2.2","0x00000002","host","0xffffffff","USB","35","0000070000000000","URB_INTERRUPT in"
"945","69.764921","1.2.2","0x00000002","host","0xffffffff","USB","35","0000000000000000","URB_INTERRUPT in"
"947","69.851919","1.2.2","0x00000002","host","0xffffffff","USB","35","0000080000000000","URB_INTERRUPT in"
"949","69.939576","1.2.2","0x00000002","host","0xffffffff","USB","35","0000000000000000","URB_INTERRUPT in"
"951","70.000603","1.2.2","0x00000002","host","0xffffffff","USB","35","0000110000000000","URB_INTERRUPT in"
"953","70.100613","1.2.2","0x00000002","host","0xffffffff","USB","35","0000000000000000","URB_INTERRUPT in"
"955","70.155626","1.2.2","0x00000002","host","0xffffffff","USB","35","00002c0000000000","URB_INTERRUPT in"
"957","70.292924","1.2.2","0x00000002","host","0xffffffff","USB","35","0000000000000000","URB_INTERRUPT in"
"959","70.437891","1.2.2","0x00000002","host","0xffffffff","USB","35","00000f0000000000","URB_INTERRUPT in"
"961","70.548823","1.2.2","0x00000002","host","0xffffffff","USB","35","0000000000000000","URB_INTERRUPT in"
"963","70.659623","1.2.2","0x00000002","host","0xffffffff","USB","35","0000120000000000","URB_INTERRUPT in"
"965","70.740607","1.2.2","0x00000002","host","0xffffffff","USB","35","0000120600000000","URB_INTERRUPT in"
"967","70.743587","1.2.2","0x00000002","host","0xffffffff","USB","35","0000060000000000","URB_INTERRUPT in"
"969","70.827553","1.2.2","0x00000002","host","0xffffffff","USB","35","0000060400000000","URB_INTERRUPT in"
"971","70.867601","1.2.2","0x00000002","host","0xffffffff","USB","35","0000040000000000","URB_INTERRUPT in"
"973","70.960586","1.2.2","0x00000002","host","0xffffffff","USB","35","0000000000000000","URB_INTERRUPT in"
"975","72.092601","1.2.2","0x00000002","host","0xffffffff","USB","35","0000170000000000","URB_INTERRUPT in"
"977","72.189555","1.2.2","0x00000002","host","0xffffffff","USB","35","0000000000000000","URB_INTERRUPT in"
"979","72.285049","1.2.2","0x00000002","host","0xffffffff","USB","35","00000c0000000000","URB_INTERRUPT in"
"981","72.396909","1.2.2","0x00000002","host","0xffffffff","USB","35","0000000000000000","URB_INTERRUPT in"
"983","72.534623","1.2.2","0x00000002","host","0xffffffff","USB","35","0000120000000000","URB_INTERRUPT in"
"985","72.624727","1.2.2","0x00000002","host","0xffffffff","USB","35","0000000000000000","URB_INTERRUPT in"
"987","72.806572","1.2.2","0x00000002","host","0xffffffff","USB","35","0000110000000000","URB_INTERRUPT in"
"989","72.937904","1.2.2","0x00000002","host","0xffffffff","USB","35","0000000000000000","URB_INTERRUPT in"
"991","73.053903","1.2.2","0x00000002","host","0xffffffff","USB","35","00002c0000000000","URB_INTERRUPT in"
"993","73.190598","1.2.2","0x00000002","host","0xffffffff","USB","35","0000000000000000","URB_INTERRUPT in"
"995","73.680547","1.2.2","0x00000002","host","0xffffffff","USB","35","00000c0000000000","URB_INTERRUPT in"
"997","73.815570","1.2.2","0x00000002","host","0xffffffff","USB","35","0000000000000000","URB_INTERRUPT in"
"999","73.857584","1.2.2","0x00000002","host","0xffffffff","USB","35","0000160000000000","URB_INTERRUPT in"
"1001","73.971885","1.2.2","0x00000002","host","0xffffffff","USB","35","0000000000000000","URB_INTERRUPT in"
"1003","73.989903","1.2.2","0x00000002","host","0xffffffff","USB","35","00002c0000000000","URB_INTERRUPT in"
"1005","74.124913","1.2.2","0x00000002","host","0xffffffff","USB","35","0000000000000000","URB_INTERRUPT in"
"1007","74.715903","1.2.2","0x00000002","host","0xffffffff","USB","35","0200000000000000","URB_INTERRUPT in"
"1009","74.943615","1.2.2","0x00000002","host","0xffffffff","USB","35","0200060000000000","URB_INTERRUPT in"
"1011","75.069592","1.2.2","0x00000002","host","0xffffffff","USB","35","0200000000000000","URB_INTERRUPT in"
"1013","75.571593","1.2.2","0x00000002","host","0xffffffff","USB","35","02000b0000000000","URB_INTERRUPT in"
"1015","75.659591","1.2.2","0x00000002","host","0xffffffff","USB","35","0200000000000000","URB_INTERRUPT in"
"1017","75.711540","1.2.2","0x00000002","host","0xffffffff","USB","35","0200170000000000","URB_INTERRUPT in"
"1019","75.811905","1.2.2","0x00000002","host","0xffffffff","USB","35","0200000000000000","URB_INTERRUPT in"
"1021","75.890571","1.2.2","0x00000002","host","0xffffffff","USB","35","0200050000000000","URB_INTERRUPT in"
"1023","75.994870","1.2.2","0x00000002","host","0xffffffff","USB","35","0200000000000000","URB_INTERRUPT in"
"1025","76.698873","1.2.2","0x00000002","host","0xffffffff","USB","35","02002f0000000000","URB_INTERRUPT in"
"1027","76.795563","1.2.2","0x00000002","host","0xffffffff","USB","35","0200000000000000","URB_INTERRUPT in"
"1029","76.918539","1.2.2","0x00000002","host","0xffffffff","USB","35","0000000000000000","URB_INTERRUPT in"
"1031","79.740895","1.2.2","0x00000002","host","0xffffffff","USB","35","0000040000000000","URB_INTERRUPT in"
"1033","79.820602","1.2.2","0x00000002","host","0xffffffff","USB","35","0000000000000000","URB_INTERRUPT in"
"1035","80.031890","1.2.2","0x00000002","host","0xffffffff","USB","35","0200000000000000","URB_INTERRUPT in"
"1037","80.170571","1.2.2","0x00000002","host","0xffffffff","USB","35","02002d0000000000","URB_INTERRUPT in"
"1039","80.275576","1.2.2","0x00000002","host","0xffffffff","USB","35","0200000000000000","URB_INTERRUPT in"
"1041","80.298555","1.2.2","0x00000002","host","0xffffffff","USB","35","0000000000000000","URB_INTERRUPT in"
"1043","80.512576","1.2.2","0x00000002","host","0xffffffff","USB","35","0000130000000000","URB_INTERRUPT in"
"1045","80.610903","1.2.2","0x00000002","host","0xffffffff","USB","35","0000000000000000","URB_INTERRUPT in"
"1047","80.770865","1.2.2","0x00000002","host","0xffffffff","USB","35","00000f0000000000","URB_INTERRUPT in"
"1049","80.874552","1.2.2","0x00000002","host","0xffffffff","USB","35","0000000000000000","URB_INTERRUPT in"
"1051","80.971579","1.2.2","0x00000002","host","0xffffffff","USB","35","0000040000000000","URB_INTERRUPT in"
"1053","81.087569","1.2.2","0x00000002","host","0xffffffff","USB","35","0000000000000000","URB_INTERRUPT in"
"1055","81.284885","1.2.2","0x00000002","host","0xffffffff","USB","35","0000060000000000","URB_INTERRUPT in"
"1057","81.388813","1.2.2","0x00000002","host","0xffffffff","USB","35","0000000000000000","URB_INTERRUPT in"
"1059","81.854597","1.2.2","0x00000002","host","0xffffffff","USB","35","0000080000000000","URB_INTERRUPT in"
"1061","81.966552","1.2.2","0x00000002","host","0xffffffff","USB","35","0000000000000000","URB_INTERRUPT in"
"1063","82.444807","1.2.2","0x00000002","host","0xffffffff","USB","35","00002e0000000000","URB_INTERRUPT in"
"1065","82.567553","1.2.2","0x00000002","host","0xffffffff","USB","35","0000000000000000","URB_INTERRUPT in"
"1067","82.670577","1.2.2","0x00000002","host","0xffffffff","USB","35","0000200000000000","URB_INTERRUPT in"
"1069","82.774587","1.2.2","0x00000002","host","0xffffffff","USB","35","0000000000000000","URB_INTERRUPT in"
"1071","83.300596","1.2.2","0x00000002","host","0xffffffff","USB","35","00002a0000000000","URB_INTERRUPT in"
"1073","83.396702","1.2.2","0x00000002","host","0xffffffff","USB","35","0000000000000000","URB_INTERRUPT in"
"1075","83.519574","1.2.2","0x00000002","host","0xffffffff","USB","35","00002a0000000000","URB_INTERRUPT in"
"1077","83.595524","1.2.2","0x00000002","host","0xffffffff","USB","35","0000000000000000","URB_INTERRUPT in"
"1079","83.728880","1.2.2","0x00000002","host","0xffffffff","USB","35","00002d0000000000","URB_INTERRUPT in"
"1081","83.824984","1.2.2","0x00000002","host","0xffffffff","USB","35","0000000000000000","URB_INTERRUPT in"
"1083","83.900613","1.2.2","0x00000002","host","0xffffffff","USB","35","0000200000000000","URB_INTERRUPT in"
"1085","84.003857","1.2.2","0x00000002","host","0xffffffff","USB","35","0000000000000000","URB_INTERRUPT in"
"1087","84.515570","1.2.2","0x00000002","host","0xffffffff","USB","35","00002a0000000000","URB_INTERRUPT in"
"1089","84.640571","1.2.2","0x00000002","host","0xffffffff","USB","35","0000000000000000","URB_INTERRUPT in"
"1091","84.771569","1.2.2","0x00000002","host","0xffffffff","USB","35","00002a0000000000","URB_INTERRUPT in"
"1093","84.872542","1.2.2","0x00000002","host","0xffffffff","USB","35","0000000000000000","URB_INTERRUPT in"
"1095","84.976525","1.2.2","0x00000002","host","0xffffffff","USB","35","0200000000000000","URB_INTERRUPT in"
"1097","85.083542","1.2.2","0x00000002","host","0xffffffff","USB","35","02002d0000000000","URB_INTERRUPT in"
"1099","85.188544","1.2.2","0x00000002","host","0xffffffff","USB","35","0200000000000000","URB_INTERRUPT in"
"1101","85.195576","1.2.2","0x00000002","host","0xffffffff","USB","35","0000000000000000","URB_INTERRUPT in"
"1103","85.304571","1.2.2","0x00000002","host","0xffffffff","USB","35","0000200000000000","URB_INTERRUPT in"
"1105","85.360570","1.2.2","0x00000002","host","0xffffffff","USB","35","0000000000000000","URB_INTERRUPT in"
"1107","87.344525","1.2.2","0x00000002","host","0xffffffff","USB","35","00002a0000000000","URB_INTERRUPT in"
"1109","87.451521","1.2.2","0x00000002","host","0xffffffff","USB","35","0000000000000000","URB_INTERRUPT in"
"1111","87.588562","1.2.2","0x00000002","host","0xffffffff","USB","35","00002a0000000000","URB_INTERRUPT in"
"1113","87.735534","1.2.2","0x00000002","host","0xffffffff","USB","35","0000000000000000","URB_INTERRUPT in"
"1115","88.048605","1.2.2","0x00000002","host","0xffffffff","USB","35","00002a0000000000","URB_INTERRUPT in"
"1117","88.189564","1.2.2","0x00000002","host","0xffffffff","USB","35","0000000000000000","URB_INTERRUPT in"
"1119","88.237012","1.2.2","0x00000002","host","0xffffffff","USB","35","0000200000000000","URB_INTERRUPT in"
"1121","88.331550","1.2.2","0x00000002","host","0xffffffff","USB","35","0000000000000000","URB_INTERRUPT in"
"1123","89.556535","1.2.2","0x00000002","host","0xffffffff","USB","35","0200000000000000","URB_INTERRUPT in"
"1125","89.820536","1.2.2","0x00000002","host","0xffffffff","USB","35","02002d0000000000","URB_INTERRUPT in"
"1127","89.940532","1.2.2","0x00000002","host","0xffffffff","USB","35","0200000000000000","URB_INTERRUPT in"
"1129","90.052540","1.2.2","0x00000002","host","0xffffffff","USB","35","0000000000000000","URB_INTERRUPT in"
"1131","90.417817","1.2.2","0x00000002","host","0xffffffff","USB","35","0000090000000000","URB_INTERRUPT in"
"1133","90.497514","1.2.2","0x00000002","host","0xffffffff","USB","35","0000000000000000","URB_INTERRUPT in"
"1135","90.812556","1.2.2","0x00000002","host","0xffffffff","USB","35","0200000000000000","URB_INTERRUPT in"
"1137","91.472562","1.2.2","0x00000002","host","0xffffffff","USB","35","0200040000000000","URB_INTERRUPT in"
"1139","91.640859","1.2.2","0x00000002","host","0xffffffff","USB","35","0200000000000000","URB_INTERRUPT in"
"1141","91.664860","1.2.2","0x00000002","host","0xffffffff","USB","35","0000000000000000","URB_INTERRUPT in"
"1143","91.952528","1.2.2","0x00000002","host","0xffffffff","USB","35","0000150000000000","URB_INTERRUPT in"
"1145","92.056510","1.2.2","0x00000002","host","0xffffffff","USB","35","0000000000000000","URB_INTERRUPT in"
"1147","93.032506","1.2.2","0x00000002","host","0xffffffff","USB","35","0200000000000000","URB_INTERRUPT in"
"1149","93.229522","1.2.2","0x00000002","host","0xffffffff","USB","35","02002d0000000000","URB_INTERRUPT in"
"1151","93.384573","1.2.2","0x00000002","host","0xffffffff","USB","35","0200000000000000","URB_INTERRUPT in"
"1153","93.816520","1.2.2","0x00000002","host","0xffffffff","USB","35","0000000000000000","URB_INTERRUPT in"
"1155","94.020553","1.2.2","0x00000002","host","0xffffffff","USB","35","0000090000000000","URB_INTERRUPT in"
"1157","94.146583","1.2.2","0x00000002","host","0xffffffff","USB","35","0000000000000000","URB_INTERRUPT in"
"1159","94.302865","1.2.2","0x00000002","host","0xffffffff","USB","35","0200000000000000","URB_INTERRUPT in"
"1161","94.470549","1.2.2","0x00000002","host","0xffffffff","USB","35","0200040000000000","URB_INTERRUPT in"
"1163","94.635566","1.2.2","0x00000002","host","0xffffffff","USB","35","0000040000000000","URB_INTERRUPT in"
"1165","94.645522","1.2.2","0x00000002","host","0xffffffff","USB","35","0000000000000000","URB_INTERRUPT in"
"1167","95.533524","1.2.2","0x00000002","host","0xffffffff","USB","35","0000150000000000","URB_INTERRUPT in"
"1169","95.620643","1.2.2","0x00000002","host","0xffffffff","USB","35","0000000000000000","URB_INTERRUPT in"
"1171","96.772561","1.2.2","0x00000002","host","0xffffffff","USB","35","0200000000000000","URB_INTERRUPT in"
"1173","96.976523","1.2.2","0x00000002","host","0xffffffff","USB","35","02002d0000000000","URB_INTERRUPT in"
"1175","97.084542","1.2.2","0x00000002","host","0xffffffff","USB","35","0200000000000000","URB_INTERRUPT in"
"1177","97.116538","1.2.2","0x00000002","host","0xffffffff","USB","35","0000000000000000","URB_INTERRUPT in"
"1179","97.394541","1.2.2","0x00000002","host","0xffffffff","USB","35","0000040000000000","URB_INTERRUPT in"
"1181","97.516514","1.2.2","0x00000002","host","0xffffffff","USB","35","0000000000000000","URB_INTERRUPT in"
"1183","97.608854","1.2.2","0x00000002","host","0xffffffff","USB","35","00001a0000000000","URB_INTERRUPT in"
"1185","97.773501","1.2.2","0x00000002","host","0xffffffff","USB","35","00001a0400000000","URB_INTERRUPT in"
"1187","97.804491","1.2.2","0x00000002","host","0xffffffff","USB","35","0000040000000000","URB_INTERRUPT in"
"1189","97.862774","1.2.2","0x00000002","host","0xffffffff","USB","35","0000000000000000","URB_INTERRUPT in"
"1191","98.104488","1.2.2","0x00000002","host","0xffffffff","USB","35","00001c0000000000","URB_INTERRUPT in"
"1193","98.172488","1.2.2","0x00000002","host","0xffffffff","USB","35","0000000000000000","URB_INTERRUPT in"
"1195","98.460797","1.2.2","0x00000002","host","0xffffffff","USB","35","0200000000000000","URB_INTERRUPT in"
"1197","98.572499","1.2.2","0x00000002","host","0xffffffff","USB","35","02002d0000000000","URB_INTERRUPT in"
"1199","98.688544","1.2.2","0x00000002","host","0xffffffff","USB","35","0200000000000000","URB_INTERRUPT in"
"1201","98.728508","1.2.2","0x00000002","host","0xffffffff","USB","35","0000000000000000","URB_INTERRUPT in"
"1203","100.011847","1.2.2","0x00000002","host","0xffffffff","USB","35","0000090000000000","URB_INTERRUPT in"
"1205","100.107488","1.2.2","0x00000002","host","0xffffffff","USB","35","0000091500000000","URB_INTERRUPT in"
"1207","100.149494","1.2.2","0x00000002","host","0xffffffff","USB","35","0000150000000000","URB_INTERRUPT in"
"1209","100.209533","1.2.2","0x00000002","host","0xffffffff","USB","35","0000000000000000","URB_INTERRUPT in"
"1211","100.547534","1.2.2","0x00000002","host","0xffffffff","USB","35","0000270000000000","URB_INTERRUPT in"
"1213","100.643497","1.2.2","0x00000002","host","0xffffffff","USB","35","0000000000000000","URB_INTERRUPT in"
"1215","101.055533","1.2.2","0x00000002","host","0xffffffff","USB","35","0000100000000000","URB_INTERRUPT in"
"1217","101.157725","1.2.2","0x00000002","host","0xffffffff","USB","35","0000000000000000","URB_INTERRUPT in"
"1219","101.663530","1.2.2","0x00000002","host","0xffffffff","USB","35","0200000000000000","URB_INTERRUPT in"
"1221","101.879849","1.2.2","0x00000002","host","0xffffffff","USB","35","02002d0000000000","URB_INTERRUPT in"
"1223","101.968497","1.2.2","0x00000002","host","0xffffffff","USB","35","0200000000000000","URB_INTERRUPT in"
"1225","102.060528","1.2.2","0x00000002","host","0xffffffff","USB","35","0000000000000000","URB_INTERRUPT in"
"1227","102.515848","1.2.2","0x00000002","host","0xffffffff","USB","35","0000080000000000","URB_INTERRUPT in"
"1229","102.608581","1.2.2","0x00000002","host","0xffffffff","USB","35","0000080400000000","URB_INTERRUPT in"
"1231","102.691828","1.2.2","0x00000002","host","0xffffffff","USB","35","0000040000000000","URB_INTERRUPT in"
"1233","102.789941","1.2.2","0x00000002","host","0xffffffff","USB","35","0000000000000000","URB_INTERRUPT in"
"1235","102.852530","1.2.2","0x00000002","host","0xffffffff","USB","35","0000150000000000","URB_INTERRUPT in"
"1237","102.959833","1.2.2","0x00000002","host","0xffffffff","USB","35","0000000000000000","URB_INTERRUPT in"
"1239","103.115808","1.2.2","0x00000002","host","0xffffffff","USB","35","0000170000000000","URB_INTERRUPT in"
"1241","103.204504","1.2.2","0x00000002","host","0xffffffff","USB","35","0000000000000000","URB_INTERRUPT in"
"1243","103.376812","1.2.2","0x00000002","host","0xffffffff","USB","35","00000b0000000000","URB_INTERRUPT in"
"1245","103.441527","1.2.2","0x00000002","host","0xffffffff","USB","35","0000000000000000","URB_INTERRUPT in"
"1247","103.771504","1.2.2","0x00000002","host","0xffffffff","USB","35","0200000000000000","URB_INTERRUPT in"
"1249","104.531839","1.2.2","0x00000002","host","0xffffffff","USB","35","0200300000000000","URB_INTERRUPT in"
"1251","104.604517","1.2.2","0x00000002","host","0xffffffff","USB","35","0200000000000000","URB_INTERRUPT in"
"1253","104.760725","1.2.2","0x00000002","host","0xffffffff","USB","35","0000000000000000","URB_INTERRUPT in"
"1255","105.517493","1.2.2","0x00000002","host","0xffffffff","USB","35","0000280000000000","URB_INTERRUPT in"
"1257","105.646483","1.2.2","0x00000002","host","0xffffffff","USB","35","0000000000000000","URB_INTERRUPT in"
